held_out,shift_balacc_mean,shift_balacc_std,shift_macroF1_mean,shift_macroF1_std,shift_heldout_recall_mean,shift_heldout_recall_std,shift_ECE_temp_mean,shift_ECE_temp_std,shift_coverage_mean,shift_coverage_std,shift_AURC_mean,shift_AURC_std,seen_coverage_mean,seen_coverage_std,T_mean,T_std
BruteForce,0.998498,0.001357,0.998256,0.001277,0.99996,3.8e-05,0.000273,5.2e-05,0.985737,0.000556,0.0,0.0,0.914561,0.001097,0.885791,0.073973
DDoS,0.998536,0.000676,0.987906,0.01998,0.999542,0.000822,0.009189,0.001738,0.094185,0.113681,3e-06,3e-06,0.916267,0.001705,0.898027,0.076869
De-authentication,0.999012,0.000552,0.999445,0.00031,1.0,0.0,0.000461,0.00019,0.868143,0.007129,1e-06,2e-06,0.912362,0.002078,0.849968,0.080976
Jamming,0.959602,0.012591,0.74783,0.052872,0.922167,0.026987,0.067256,0.020919,0.387411,0.215101,0.007403,0.003278,0.920056,0.009641,0.719411,0.3765
MITM,0.996571,0.001004,0.914134,0.026968,0.995117,0.001863,0.004205,0.001733,0.307594,0.433029,3.5e-05,1.5e-05,0.915206,0.00516,0.619344,0.521755
UDP Flooding,0.993219,0.002313,0.84385,0.035576,0.9894,0.003392,0.009378,0.004761,0.320063,0.090143,8.6e-05,2.8e-05,0.914824,0.001605,0.718422,0.382818
