held_out,fragility_mean,fragility_std,balacc_mean,balacc_std,coverage_mean,coverage_std
Jamming,3.706564,0.596205,0.964635,0.018845,0.000122,0.000386
DDoS,8.02014,0.607987,0.993542,0.001429,0.000224,0.000393
MITM,1.382357,0.43523,0.999084,0.000219,0.38283,0.488183
UDP Flooding,0.512876,0.096682,0.999721,0.000347,0.600364,0.099211
BruteForce,0.269483,0.253348,0.99954,0.000347,0.644594,0.093698
De-authentication,1.103105,0.530575,0.999721,0.000347,0.655021,0.301683
